frame_idx,row_index,along_track_m,height_m,he_gt_deg,lat_gt_m,he_est_deg,lat_est_m,he_err_deg,lat_err_m,d_he_deg,d_lat_m,d_he_raw_deg,d_lat_raw_m,init
0,0,5757.850702695551,298.43912633944365,4.565237558444466,-98.92486854217277,4.565237558444466,-98.92486854217277,0.0,0.0,0.0,0.0,0.0,0.0,True
1,1,5742.927984459016,300.5625283394437,1.762314558444456,-22.959032195738715,1.7623553856510918,-22.59194862856775,4.082720663589612e-05,0.36708356717096535,2.8028821727933746,-76.33291991360502,2.8028821727933746,204.8326980613052,False
2,2,5565.366650519464,317.4128943394437,1.971110558444466,141.05815780226948,1.9711146137846365,141.05393618955566,4.055340170561195e-06,-0.004221612713820377,-0.20875922813354464,-163.64588481812342,-0.20875922813354464,-183.9235875973026,False
3,3,5176.84330015462,311.3188853394437,-6.089320441555541,-213.8542278375472,-6.088968773297068,-204.25075080385682,0.00035166825847365857,9.603477033690382,8.060083387081704,345.3046869934125,8.060083387081704,1078.3993218769817,False
4,4,4979.078927066569,276.7482723394437,3.0807655584444826,-29.975394393601775,3.080813876840325,-40.06302545746371,4.8318395842184e-05,-10.087631063861934,-9.169782650137392,-164.1877253463931,-9.169782650137392,-967.9279590480742,False
5,5,4910.912306945622,294.4608183394437,4.937291558444473,53.164364946983,4.937300783175574,53.045685721470846,9.224731100765382e-06,-0.11867922551215315,-1.856486906335249,-93.10871117893456,-1.856486906335249,-252.28686367827518,False
6,6,4807.047720222587,287.06907233944366,-2.529648441555533,40.16793467144851,-2.5299339088565196,45.27030024699175,-0.00028546730098666373,5.102365575543239,7.467234692032093,7.775385474479094,7.467234692032093,637.8388175447318,False
7,7,4726.594082977713,252.22962533944371,-0.5499374415555012,-226.65809690485517,-0.5499037402946376,-226.62487813757977,3.3701260863550075e-05,0.033218767275400296,-1.980030168561882,271.8951783845715,-1.980030168561882,108.48826870550675,False
8,8,4640.027023735848,221.8944813394437,0.12433555844448305,65.22249531509195,0.12435051656891094,65.21222691378179,1.4958124427894015e-05,-0.010268401310156605,-0.6742542568635486,-291.83710505136156,-0.6742542568635486,-346.44326324579794,False
9,9,4597.05709802662,266.4579363394437,1.2825045584445243,-147.97894153327664,1.2825216109981463,-147.97069103487772,1.705255362205449e-05,0.008250498398922446,-1.1581710944292354,213.1829179486595,-1.1581710944292354,120.24581210365331,False
10,10,4435.6800882995285,238.6237283394437,3.256933558444535,-24.712904050474954,3.2569551865980495,-24.794261406653334,2.1628153514363646e-05,-0.0813573561783798,-1.9744335755999032,-123.17642962822438,-1.9744335755999032,-276.0921270670005,False
11,11,4299.910242047209,270.04277533944366,-6.071705441555532,274.285852068143,-6.072527006517418,280.0894446772775,-0.000821564961885457,5.803592609134512,9.329482193115467,-304.88370608393086,9.329482193115467,401.5256915779564,False
12,12,3955.005668294659,176.19870433944368,5.307468558444513,26.55495925155763,5.307216367737113,9.956253784667808,-0.0002521907073997909,-16.59870546688982,-11.37974337425453,270.1331908926097,-11.37974337425453,-525.8808205324506,False
13,13,3917.910129833741,216.27774633944364,-7.820275441555519,-44.984518476238215,-7.819735851530964,-19.39744218980121,0.0005395900245552809,25.587076286437004,13.126952219268077,29.35369597446902,13.126952219268077,943.0229638626772,False
14,14,3518.9385419033815,205.82017033944373,-3.035445441555447,-25.848923176561083,-3.035381231406631,-26.804384699845798,6.421014881619058e-05,-0.9554615232847148,-4.784354620124333,7.406942510044587,-4.784354620124333,-287.11893615108784,False
15,15,3209.886283731933,174.20831433944363,-1.3691144415554781,4.987755228685005,-1.3691214518867403,4.94526772078855,-7.010331262158331e-06,-0.04248750789645506,-1.6662597795198906,-31.749652420634348,-1.6662597795198906,-125.12498989345733,False
16,16,2826.626055985027,176.54201933944364,-0.2849914415554512,-106.15864348135521,-0.28498418901869993,-106.1501895606607,7.252536751267691e-06,0.008453920694506678,-1.0841372628680404,111.09545728144926,-1.0841372628680404,57.60431990760437,False
17,17,2811.314032383059,201.74838333944365,1.69650455844454,57.89536949411933,1.696486265257307,57.802790155859284,-1.8293187233009434e-05,-0.09257933826004461,-1.9814704542760069,-163.95297971652,-1.9814704542760069,-261.21594714087195,False
18,18,2553.280732459901,156.01191033944372,1.7933445584445065,49.224372669000765,1.7933447484532232,49.22419879669173,1.9000871676055908e-07,-0.00017387230903409545,-0.09685848319591628,8.578591359167554,-0.09685848319591628,4.262267598412748,False
19,19,2512.8361069744237,149.00899633944368,5.658543558444544,58.95839758382066,5.65844301455664,58.42365556895732,-0.00010054388790425861,-0.5347420148633404,-3.8650982661034163,-9.199456772265592,-3.8650982661034163,-178.96969159559376,False
20,20,2412.647508360402,138.98791033944372,10.980126558444493,-137.32304436222265,10.980401722729397,-137.710574895701,0.00027516428490415024,-0.38753053347835476,-5.321958708172758,196.13423046465832,-5.321958708172758,-28.612953825352626,False
21,21,2293.3833137070255,166.5032253394437,1.2484985584445132,2.116865623602407,1.2484633166432104,7.835372333034201,-3.524180130276555e-05,5.718506709431794,9.731938406086186,-145.5459472287352,9.731938406086186,247.78512114162976,False
22,22,1737.6621024137887,98.78111733944365,-2.1003854415554963,16.77431782540574,-2.100404114100229,16.922228807631342,-1.8672544732645235e-05,0.1479109822256035,3.3488674307434394,-9.086856474597141,3.3488674307434394,92.59315847731696,False
23,23,1560.7096372043354,107.37621333944367,3.537538558444493,95.19754457532382,3.5372221806536004,93.95353642993649,-0.00031637779089255247,-1.2440081453873262,-5.637626294753829,-77.03130762230515,-5.637626294753829,-231.09506815188615,False
24,24,1320.1128153159796,73.9632833394437,1.9331105584444372,-28.495670935158252,1.9331230467889498,-28.470722045787767,1.24883445125068e-05,0.024948889370485006,1.6040991338646506,122.42425847572426,1.6040991338646506,159.39286744608012,False
25,25,1287.7827180578097,79.12865233944365,0.30911555844454314,68.65986301989663,0.30909396978972836,68.64812343611541,-2.1588654814774788e-05,-0.011739583781221086,1.6240290769992214,-97.11884548190318,1.6240290769992214,-60.60731066430866,False
26,26,1037.2526373865712,57.91891733944374,-7.956711441555516,63.10262291036745,-7.957466495006457,64.02994528571429,-0.0007550534509412898,0.92732237534684,8.266560464796186,4.618178150401121,8.266560464796186,155.31877051294413,False
27,27,919.5996835510979,67.03917533944366,4.188639558444507,45.65980843144796,4.187715904125639,40.096849227343995,-0.0009236543188677615,-5.562959204103969,-12.145182399132096,23.933096058370296,-12.145182399132096,-173.97063047478582,False
28,28,668.6212680812915,50.53453033944368,-8.240835441555518,-26.06403128162125,-8.24019375428557,-21.924924684898002,0.0006416872699475107,4.1391065967232485,12.42790965841121,62.021773912242,12.42790965841121,209.3691704122967,False
29,29,347.0205138533829,32.247186339443715,-1.3248574415555177,11.78591956596462,-1.3250131741762345,11.383816322605249,-0.00015573262071688632,-0.4021032433593721,-6.915180580109336,-33.30874100750325,-6.915180580109336,-75.39613033631514,False
